Do you prefer to teach back-to-back common office hours in the Math Resource Room?,Recipient Last Name,Recipient First Name,"Mark each time slot with an X  from 7:30 am until 5:20 pm that you are not free to teach because of your course/seminar schedule. Please note that 90-minute classes block out two consecutive time slots. For example, if you are taking a Tuesday, Thursday 10:30-11:45 am class, then you should mark the four slots Tuesday 10:30-11:20, Tuesday 11:30-12:20, Thursday 10:30-11:20, and Thursday 11:30-12:20. Please do not mark time slots with an X if you are available to teach at that time. 
Remember: Unmarked time slots mean you are available to teach at that time. - 7:30am-8:20am - Monday","Mark each time slot with an X  from 7:30 am until 5:20 pm that you are not free to teach because of your course/seminar schedule. Please note that 90-minute classes block out two consecutive time slots. For example, if you are taking a Tuesday, Thursday 10:30-11:45 am class, then you should mark the four slots Tuesday 10:30-11:20, Tuesday 11:30-12:20, Thursday 10:30-11:20, and Thursday 11:30-12:20. Please do not mark time slots with an X if you are available to teach at that time. 
Remember: Unmarked time slots mean you are available to teach at that time. - 7:30am-8:20am - Tuesday","Mark each time slot with an X  from 7:30 am until 5:20 pm that you are not free to teach because of your course/seminar schedule. Please note that 90-minute classes block out two consecutive time slots. For example, if you are taking a Tuesday, Thursday 10:30-11:45 am class, then you should mark the four slots Tuesday 10:30-11:20, Tuesday 11:30-12:20, Thursday 10:30-11:20, and Thursday 11:30-12:20. Please do not mark time slots with an X if you are available to teach at that time. 
Remember: Unmarked time slots mean you are available to teach at that time. - 7:30am-8:20am - Wednesday","Mark each time slot with an X  from 7:30 am until 5:20 pm that you are not free to teach because of your course/seminar schedule. Please note that 90-minute classes block out two consecutive time slots. For example, if you are taking a Tuesday, Thursday 10:30-11:45 am class, then you should mark the four slots Tuesday 10:30-11:20, Tuesday 11:30-12:20, Thursday 10:30-11:20, and Thursday 11:30-12:20. Please do not mark time slots with an X if you are available to teach at that time. 
Remember: Unmarked time slots mean you are available to teach at that time. - 7:30am-8:20am - Thursday","Mark each time slot with an X  from 7:30 am until 5:20 pm that you are not free to teach because of your course/seminar schedule. Please note that 90-minute classes block out two consecutive time slots. For example, if you are taking a Tuesday, Thursday 10:30-11:45 am class, then you should mark the four slots Tuesday 10:30-11:20, Tuesday 11:30-12:20, Thursday 10:30-11:20, and Thursday 11:30-12:20. Please do not mark time slots with an X if you are available to teach at that time. 
Remember: Unmarked time slots mean you are available to teach at that time. - 7:30am-8:20am - Friday","Mark each time slot with an X  from 7:30 am until 5:20 pm that you are not free to teach because of your course/seminar schedule. Please note that 90-minute classes block out two consecutive time slots. For example, if you are taking a Tuesday, Thursday 10:30-11:45 am class, then you should mark the four slots Tuesday 10:30-11:20, Tuesday 11:30-12:20, Thursday 10:30-11:20, and Thursday 11:30-12:20. Please do not mark time slots with an X if you are available to teach at that time. 
Remember: Unmarked time slots mean you are available to teach at that time. - 8:30am-9:20am - Monday","Mark each time slot with an X  from 7:30 am until 5:20 pm that you are not free to teach because of your course/seminar schedule. Please note that 90-minute classes block out two consecutive time slots. For example, if you are taking a Tuesday, Thursday 10:30-11:45 am class, then you should mark the four slots Tuesday 10:30-11:20, Tuesday 11:30-12:20, Thursday 10:30-11:20, and Thursday 11:30-12:20. Please do not mark time slots with an X if you are available to teach at that time. 
Remember: Unmarked time slots mean you are available to teach at that time. - 8:30am-9:20am - Tuesday","Mark each time slot with an X  from 7:30 am until 5:20 pm that you are not free to teach because of your course/seminar schedule. Please note that 90-minute classes block out two consecutive time slots. For example, if you are taking a Tuesday, Thursday 10:30-11:45 am class, then you should mark the four slots Tuesday 10:30-11:20, Tuesday 11:30-12:20, Thursday 10:30-11:20, and Thursday 11:30-12:20. Please do not mark time slots with an X if you are available to teach at that time. 
Remember: Unmarked time slots mean you are available to teach at that time. - 8:30am-9:20am - Wednesday","Mark each time slot with an X  from 7:30 am until 5:20 pm that you are not free to teach because of your course/seminar schedule. Please note that 90-minute classes block out two consecutive time slots. For example, if you are taking a Tuesday, Thursday 10:30-11:45 am class, then you should mark the four slots Tuesday 10:30-11:20, Tuesday 11:30-12:20, Thursday 10:30-11:20, and Thursday 11:30-12:20. Please do not mark time slots with an X if you are available to teach at that time. 
Remember: Unmarked time slots mean you are available to teach at that time. - 8:30am-9:20am - Thursday","Mark each time slot with an X  from 7:30 am until 5:20 pm that you are not free to teach because of your course/seminar schedule. Please note that 90-minute classes block out two consecutive time slots. For example, if you are taking a Tuesday, Thursday 10:30-11:45 am class, then you should mark the four slots Tuesday 10:30-11:20, Tuesday 11:30-12:20, Thursday 10:30-11:20, and Thursday 11:30-12:20. Please do not mark time slots with an X if you are available to teach at that time. 
Remember: Unmarked time slots mean you are available to teach at that time. - 8:30am-9:20am - Friday","Mark each time slot with an X  from 7:30 am until 5:20 pm that you are not free to teach because of your course/seminar schedule. Please note that 90-minute classes block out two consecutive time slots. For example, if you are taking a Tuesday, Thursday 10:30-11:45 am class, then you should mark the four slots Tuesday 10:30-11:20, Tuesday 11:30-12:20, Thursday 10:30-11:20, and Thursday 11:30-12:20. Please do not mark time slots with an X if you are available to teach at that time. 
Remember: Unmarked time slots mean you are available to teach at that time. - 9:30am-10:20am - Monday","Mark each time slot with an X  from 7:30 am until 5:20 pm that you are not free to teach because of your course/seminar schedule. Please note that 90-minute classes block out two consecutive time slots. For example, if you are taking a Tuesday, Thursday 10:30-11:45 am class, then you should mark the four slots Tuesday 10:30-11:20, Tuesday 11:30-12:20, Thursday 10:30-11:20, and Thursday 11:30-12:20. Please do not mark time slots with an X if you are available to teach at that time. 
Remember: Unmarked time slots mean you are available to teach at that time. - 9:30am-10:20am - Tuesday","Mark each time slot with an X  from 7:30 am until 5:20 pm that you are not free to teach because of your course/seminar schedule. Please note that 90-minute classes block out two consecutive time slots. For example, if you are taking a Tuesday, Thursday 10:30-11:45 am class, then you should mark the four slots Tuesday 10:30-11:20, Tuesday 11:30-12:20, Thursday 10:30-11:20, and Thursday 11:30-12:20. Please do not mark time slots with an X if you are available to teach at that time. 
Remember: Unmarked time slots mean you are available to teach at that time. - 9:30am-10:20am - Wednesday","Mark each time slot with an X  from 7:30 am until 5:20 pm that you are not free to teach because of your course/seminar schedule. Please note that 90-minute classes block out two consecutive time slots. For example, if you are taking a Tuesday, Thursday 10:30-11:45 am class, then you should mark the four slots Tuesday 10:30-11:20, Tuesday 11:30-12:20, Thursday 10:30-11:20, and Thursday 11:30-12:20. Please do not mark time slots with an X if you are available to teach at that time. 
Remember: Unmarked time slots mean you are available to teach at that time. - 9:30am-10:20am - Thursday","Mark each time slot with an X  from 7:30 am until 5:20 pm that you are not free to teach because of your course/seminar schedule. Please note that 90-minute classes block out two consecutive time slots. For example, if you are taking a Tuesday, Thursday 10:30-11:45 am class, then you should mark the four slots Tuesday 10:30-11:20, Tuesday 11:30-12:20, Thursday 10:30-11:20, and Thursday 11:30-12:20. Please do not mark time slots with an X if you are available to teach at that time. 
Remember: Unmarked time slots mean you are available to teach at that time. - 9:30am-10:20am - Friday","Mark each time slot with an X  from 7:30 am until 5:20 pm that you are not free to teach because of your course/seminar schedule. Please note that 90-minute classes block out two consecutive time slots. For example, if you are taking a Tuesday, Thursday 10:30-11:45 am class, then you should mark the four slots Tuesday 10:30-11:20, Tuesday 11:30-12:20, Thursday 10:30-11:20, and Thursday 11:30-12:20. Please do not mark time slots with an X if you are available to teach at that time. 
Remember: Unmarked time slots mean you are available to teach at that time. - 10:30am-11:20am - Monday","Mark each time slot with an X  from 7:30 am until 5:20 pm that you are not free to teach because of your course/seminar schedule. Please note that 90-minute classes block out two consecutive time slots. For example, if you are taking a Tuesday, Thursday 10:30-11:45 am class, then you should mark the four slots Tuesday 10:30-11:20, Tuesday 11:30-12:20, Thursday 10:30-11:20, and Thursday 11:30-12:20. Please do not mark time slots with an X if you are available to teach at that time. 
Remember: Unmarked time slots mean you are available to teach at that time. - 10:30am-11:20am - Tuesday","Mark each time slot with an X  from 7:30 am until 5:20 pm that you are not free to teach because of your course/seminar schedule. Please note that 90-minute classes block out two consecutive time slots. For example, if you are taking a Tuesday, Thursday 10:30-11:45 am class, then you should mark the four slots Tuesday 10:30-11:20, Tuesday 11:30-12:20, Thursday 10:30-11:20, and Thursday 11:30-12:20. Please do not mark time slots with an X if you are available to teach at that time. 
Remember: Unmarked time slots mean you are available to teach at that time. - 10:30am-11:20am - Wednesday","Mark each time slot with an X  from 7:30 am until 5:20 pm that you are not free to teach because of your course/seminar schedule. Please note that 90-minute classes block out two consecutive time slots. For example, if you are taking a Tuesday, Thursday 10:30-11:45 am class, then you should mark the four slots Tuesday 10:30-11:20, Tuesday 11:30-12:20, Thursday 10:30-11:20, and Thursday 11:30-12:20. Please do not mark time slots with an X if you are available to teach at that time. 
Remember: Unmarked time slots mean you are available to teach at that time. - 10:30am-11:20am - Thursday","Mark each time slot with an X  from 7:30 am until 5:20 pm that you are not free to teach because of your course/seminar schedule. Please note that 90-minute classes block out two consecutive time slots. For example, if you are taking a Tuesday, Thursday 10:30-11:45 am class, then you should mark the four slots Tuesday 10:30-11:20, Tuesday 11:30-12:20, Thursday 10:30-11:20, and Thursday 11:30-12:20. Please do not mark time slots with an X if you are available to teach at that time. 
Remember: Unmarked time slots mean you are available to teach at that time. - 10:30am-11:20am - Friday","Mark each time slot with an X  from 7:30 am until 5:20 pm that you are not free to teach because of your course/seminar schedule. Please note that 90-minute classes block out two consecutive time slots. For example, if you are taking a Tuesday, Thursday 10:30-11:45 am class, then you should mark the four slots Tuesday 10:30-11:20, Tuesday 11:30-12:20, Thursday 10:30-11:20, and Thursday 11:30-12:20. Please do not mark time slots with an X if you are available to teach at that time. 
Remember: Unmarked time slots mean you are available to teach at that time. - 11:30am-12:20pm - Monday","Mark each time slot with an X  from 7:30 am until 5:20 pm that you are not free to teach because of your course/seminar schedule. Please note that 90-minute classes block out two consecutive time slots. For example, if you are taking a Tuesday, Thursday 10:30-11:45 am class, then you should mark the four slots Tuesday 10:30-11:20, Tuesday 11:30-12:20, Thursday 10:30-11:20, and Thursday 11:30-12:20. Please do not mark time slots with an X if you are available to teach at that time. 
Remember: Unmarked time slots mean you are available to teach at that time. - 11:30am-12:20pm - Tuesday","Mark each time slot with an X  from 7:30 am until 5:20 pm that you are not free to teach because of your course/seminar schedule. Please note that 90-minute classes block out two consecutive time slots. For example, if you are taking a Tuesday, Thursday 10:30-11:45 am class, then you should mark the four slots Tuesday 10:30-11:20, Tuesday 11:30-12:20, Thursday 10:30-11:20, and Thursday 11:30-12:20. Please do not mark time slots with an X if you are available to teach at that time. 
Remember: Unmarked time slots mean you are available to teach at that time. - 11:30am-12:20pm - Wednesday","Mark each time slot with an X  from 7:30 am until 5:20 pm that you are not free to teach because of your course/seminar schedule. Please note that 90-minute classes block out two consecutive time slots. For example, if you are taking a Tuesday, Thursday 10:30-11:45 am class, then you should mark the four slots Tuesday 10:30-11:20, Tuesday 11:30-12:20, Thursday 10:30-11:20, and Thursday 11:30-12:20. Please do not mark time slots with an X if you are available to teach at that time. 
Remember: Unmarked time slots mean you are available to teach at that time. - 11:30am-12:20pm - Thursday","Mark each time slot with an X  from 7:30 am until 5:20 pm that you are not free to teach because of your course/seminar schedule. Please note that 90-minute classes block out two consecutive time slots. For example, if you are taking a Tuesday, Thursday 10:30-11:45 am class, then you should mark the four slots Tuesday 10:30-11:20, Tuesday 11:30-12:20, Thursday 10:30-11:20, and Thursday 11:30-12:20. Please do not mark time slots with an X if you are available to teach at that time. 
Remember: Unmarked time slots mean you are available to teach at that time. - 11:30am-12:20pm - Friday","Mark each time slot with an X  from 7:30 am until 5:20 pm that you are not free to teach because of your course/seminar schedule. Please note that 90-minute classes block out two consecutive time slots. For example, if you are taking a Tuesday, Thursday 10:30-11:45 am class, then you should mark the four slots Tuesday 10:30-11:20, Tuesday 11:30-12:20, Thursday 10:30-11:20, and Thursday 11:30-12:20. Please do not mark time slots with an X if you are available to teach at that time. 
Remember: Unmarked time slots mean you are available to teach at that time. - 12:30pm-1:20pm - Monday","Mark each time slot with an X  from 7:30 am until 5:20 pm that you are not free to teach because of your course/seminar schedule. Please note that 90-minute classes block out two consecutive time slots. For example, if you are taking a Tuesday, Thursday 10:30-11:45 am class, then you should mark the four slots Tuesday 10:30-11:20, Tuesday 11:30-12:20, Thursday 10:30-11:20, and Thursday 11:30-12:20. Please do not mark time slots with an X if you are available to teach at that time. 
Remember: Unmarked time slots mean you are available to teach at that time. - 12:30pm-1:20pm - Tuesday","Mark each time slot with an X  from 7:30 am until 5:20 pm that you are not free to teach because of your course/seminar schedule. Please note that 90-minute classes block out two consecutive time slots. For example, if you are taking a Tuesday, Thursday 10:30-11:45 am class, then you should mark the four slots Tuesday 10:30-11:20, Tuesday 11:30-12:20, Thursday 10:30-11:20, and Thursday 11:30-12:20. Please do not mark time slots with an X if you are available to teach at that time. 
Remember: Unmarked time slots mean you are available to teach at that time. - 12:30pm-1:20pm - Wednesday","Mark each time slot with an X  from 7:30 am until 5:20 pm that you are not free to teach because of your course/seminar schedule. Please note that 90-minute classes block out two consecutive time slots. For example, if you are taking a Tuesday, Thursday 10:30-11:45 am class, then you should mark the four slots Tuesday 10:30-11:20, Tuesday 11:30-12:20, Thursday 10:30-11:20, and Thursday 11:30-12:20. Please do not mark time slots with an X if you are available to teach at that time. 
Remember: Unmarked time slots mean you are available to teach at that time. - 12:30pm-1:20pm - Thursday","Mark each time slot with an X  from 7:30 am until 5:20 pm that you are not free to teach because of your course/seminar schedule. Please note that 90-minute classes block out two consecutive time slots. For example, if you are taking a Tuesday, Thursday 10:30-11:45 am class, then you should mark the four slots Tuesday 10:30-11:20, Tuesday 11:30-12:20, Thursday 10:30-11:20, and Thursday 11:30-12:20. Please do not mark time slots with an X if you are available to teach at that time. 
Remember: Unmarked time slots mean you are available to teach at that time. - 12:30pm-1:20pm - Friday","Mark each time slot with an X  from 7:30 am until 5:20 pm that you are not free to teach because of your course/seminar schedule. Please note that 90-minute classes block out two consecutive time slots. For example, if you are taking a Tuesday, Thursday 10:30-11:45 am class, then you should mark the four slots Tuesday 10:30-11:20, Tuesday 11:30-12:20, Thursday 10:30-11:20, and Thursday 11:30-12:20. Please do not mark time slots with an X if you are available to teach at that time. 
Remember: Unmarked time slots mean you are available to teach at that time. - 1:30pm-2:20pm - Monday","Mark each time slot with an X  from 7:30 am until 5:20 pm that you are not free to teach because of your course/seminar schedule. Please note that 90-minute classes block out two consecutive time slots. For example, if you are taking a Tuesday, Thursday 10:30-11:45 am class, then you should mark the four slots Tuesday 10:30-11:20, Tuesday 11:30-12:20, Thursday 10:30-11:20, and Thursday 11:30-12:20. Please do not mark time slots with an X if you are available to teach at that time. 
Remember: Unmarked time slots mean you are available to teach at that time. - 1:30pm-2:20pm - Tuesday","Mark each time slot with an X  from 7:30 am until 5:20 pm that you are not free to teach because of your course/seminar schedule. Please note that 90-minute classes block out two consecutive time slots. For example, if you are taking a Tuesday, Thursday 10:30-11:45 am class, then you should mark the four slots Tuesday 10:30-11:20, Tuesday 11:30-12:20, Thursday 10:30-11:20, and Thursday 11:30-12:20. Please do not mark time slots with an X if you are available to teach at that time. 
Remember: Unmarked time slots mean you are available to teach at that time. - 1:30pm-2:20pm - Wednesday","Mark each time slot with an X  from 7:30 am until 5:20 pm that you are not free to teach because of your course/seminar schedule. Please note that 90-minute classes block out two consecutive time slots. For example, if you are taking a Tuesday, Thursday 10:30-11:45 am class, then you should mark the four slots Tuesday 10:30-11:20, Tuesday 11:30-12:20, Thursday 10:30-11:20, and Thursday 11:30-12:20. Please do not mark time slots with an X if you are available to teach at that time. 
Remember: Unmarked time slots mean you are available to teach at that time. - 1:30pm-2:20pm - Thursday","Mark each time slot with an X  from 7:30 am until 5:20 pm that you are not free to teach because of your course/seminar schedule. Please note that 90-minute classes block out two consecutive time slots. For example, if you are taking a Tuesday, Thursday 10:30-11:45 am class, then you should mark the four slots Tuesday 10:30-11:20, Tuesday 11:30-12:20, Thursday 10:30-11:20, and Thursday 11:30-12:20. Please do not mark time slots with an X if you are available to teach at that time. 
Remember: Unmarked time slots mean you are available to teach at that time. - 1:30pm-2:20pm - Friday","Mark each time slot with an X  from 7:30 am until 5:20 pm that you are not free to teach because of your course/seminar schedule. Please note that 90-minute classes block out two consecutive time slots. For example, if you are taking a Tuesday, Thursday 10:30-11:45 am class, then you should mark the four slots Tuesday 10:30-11:20, Tuesday 11:30-12:20, Thursday 10:30-11:20, and Thursday 11:30-12:20. Please do not mark time slots with an X if you are available to teach at that time. 
Remember: Unmarked time slots mean you are available to teach at that time. - 2:30pm-3:20pm - Monday","Mark each time slot with an X  from 7:30 am until 5:20 pm that you are not free to teach because of your course/seminar schedule. Please note that 90-minute classes block out two consecutive time slots. For example, if you are taking a Tuesday, Thursday 10:30-11:45 am class, then you should mark the four slots Tuesday 10:30-11:20, Tuesday 11:30-12:20, Thursday 10:30-11:20, and Thursday 11:30-12:20. Please do not mark time slots with an X if you are available to teach at that time. 
Remember: Unmarked time slots mean you are available to teach at that time. - 2:30pm-3:20pm - Tuesday","Mark each time slot with an X  from 7:30 am until 5:20 pm that you are not free to teach because of your course/seminar schedule. Please note that 90-minute classes block out two consecutive time slots. For example, if you are taking a Tuesday, Thursday 10:30-11:45 am class, then you should mark the four slots Tuesday 10:30-11:20, Tuesday 11:30-12:20, Thursday 10:30-11:20, and Thursday 11:30-12:20. Please do not mark time slots with an X if you are available to teach at that time. 
Remember: Unmarked time slots mean you are available to teach at that time. - 2:30pm-3:20pm - Wednesday","Mark each time slot with an X  from 7:30 am until 5:20 pm that you are not free to teach because of your course/seminar schedule. Please note that 90-minute classes block out two consecutive time slots. For example, if you are taking a Tuesday, Thursday 10:30-11:45 am class, then you should mark the four slots Tuesday 10:30-11:20, Tuesday 11:30-12:20, Thursday 10:30-11:20, and Thursday 11:30-12:20. Please do not mark time slots with an X if you are available to teach at that time. 
Remember: Unmarked time slots mean you are available to teach at that time. - 2:30pm-3:20pm - Thursday","Mark each time slot with an X  from 7:30 am until 5:20 pm that you are not free to teach because of your course/seminar schedule. Please note that 90-minute classes block out two consecutive time slots. For example, if you are taking a Tuesday, Thursday 10:30-11:45 am class, then you should mark the four slots Tuesday 10:30-11:20, Tuesday 11:30-12:20, Thursday 10:30-11:20, and Thursday 11:30-12:20. Please do not mark time slots with an X if you are available to teach at that time. 
Remember: Unmarked time slots mean you are available to teach at that time. - 2:30pm-3:20pm - Friday","Mark each time slot with an X  from 7:30 am until 5:20 pm that you are not free to teach because of your course/seminar schedule. Please note that 90-minute classes block out two consecutive time slots. For example, if you are taking a Tuesday, Thursday 10:30-11:45 am class, then you should mark the four slots Tuesday 10:30-11:20, Tuesday 11:30-12:20, Thursday 10:30-11:20, and Thursday 11:30-12:20. Please do not mark time slots with an X if you are available to teach at that time. 
Remember: Unmarked time slots mean you are available to teach at that time. - 3:30pm-4:20pm - Monday","Mark each time slot with an X  from 7:30 am until 5:20 pm that you are not free to teach because of your course/seminar schedule. Please note that 90-minute classes block out two consecutive time slots. For example, if you are taking a Tuesday, Thursday 10:30-11:45 am class, then you should mark the four slots Tuesday 10:30-11:20, Tuesday 11:30-12:20, Thursday 10:30-11:20, and Thursday 11:30-12:20. Please do not mark time slots with an X if you are available to teach at that time. 
Remember: Unmarked time slots mean you are available to teach at that time. - 3:30pm-4:20pm - Tuesday","Mark each time slot with an X  from 7:30 am until 5:20 pm that you are not free to teach because of your course/seminar schedule. Please note that 90-minute classes block out two consecutive time slots. For example, if you are taking a Tuesday, Thursday 10:30-11:45 am class, then you should mark the four slots Tuesday 10:30-11:20, Tuesday 11:30-12:20, Thursday 10:30-11:20, and Thursday 11:30-12:20. Please do not mark time slots with an X if you are available to teach at that time. 
Remember: Unmarked time slots mean you are available to teach at that time. - 3:30pm-4:20pm - Wednesday","Mark each time slot with an X  from 7:30 am until 5:20 pm that you are not free to teach because of your course/seminar schedule. Please note that 90-minute classes block out two consecutive time slots. For example, if you are taking a Tuesday, Thursday 10:30-11:45 am class, then you should mark the four slots Tuesday 10:30-11:20, Tuesday 11:30-12:20, Thursday 10:30-11:20, and Thursday 11:30-12:20. Please do not mark time slots with an X if you are available to teach at that time. 
Remember: Unmarked time slots mean you are available to teach at that time. - 3:30pm-4:20pm - Thursday","Mark each time slot with an X  from 7:30 am until 5:20 pm that you are not free to teach because of your course/seminar schedule. Please note that 90-minute classes block out two consecutive time slots. For example, if you are taking a Tuesday, Thursday 10:30-11:45 am class, then you should mark the four slots Tuesday 10:30-11:20, Tuesday 11:30-12:20, Thursday 10:30-11:20, and Thursday 11:30-12:20. Please do not mark time slots with an X if you are available to teach at that time. 
Remember: Unmarked time slots mean you are available to teach at that time. - 3:30pm-4:20pm - Friday","Mark each time slot with an X  from 7:30 am until 5:20 pm that you are not free to teach because of your course/seminar schedule. Please note that 90-minute classes block out two consecutive time slots. For example, if you are taking a Tuesday, Thursday 10:30-11:45 am class, then you should mark the four slots Tuesday 10:30-11:20, Tuesday 11:30-12:20, Thursday 10:30-11:20, and Thursday 11:30-12:20. Please do not mark time slots with an X if you are available to teach at that time. 
Remember: Unmarked time slots mean you are available to teach at that time. - 4:30pm-5:20pm - Monday","Mark each time slot with an X  from 7:30 am until 5:20 pm that you are not free to teach because of your course/seminar schedule. Please note that 90-minute classes block out two consecutive time slots. For example, if you are taking a Tuesday, Thursday 10:30-11:45 am class, then you should mark the four slots Tuesday 10:30-11:20, Tuesday 11:30-12:20, Thursday 10:30-11:20, and Thursday 11:30-12:20. Please do not mark time slots with an X if you are available to teach at that time. 
Remember: Unmarked time slots mean you are available to teach at that time. - 4:30pm-5:20pm - Tuesday","Mark each time slot with an X  from 7:30 am until 5:20 pm that you are not free to teach because of your course/seminar schedule. Please note that 90-minute classes block out two consecutive time slots. For example, if you are taking a Tuesday, Thursday 10:30-11:45 am class, then you should mark the four slots Tuesday 10:30-11:20, Tuesday 11:30-12:20, Thursday 10:30-11:20, and Thursday 11:30-12:20. Please do not mark time slots with an X if you are available to teach at that time. 
Remember: Unmarked time slots mean you are available to teach at that time. - 4:30pm-5:20pm - Wednesday","Mark each time slot with an X  from 7:30 am until 5:20 pm that you are not free to teach because of your course/seminar schedule. Please note that 90-minute classes block out two consecutive time slots. For example, if you are taking a Tuesday, Thursday 10:30-11:45 am class, then you should mark the four slots Tuesday 10:30-11:20, Tuesday 11:30-12:20, Thursday 10:30-11:20, and Thursday 11:30-12:20. Please do not mark time slots with an X if you are available to teach at that time. 
Remember: Unmarked time slots mean you are available to teach at that time. - 4:30pm-5:20pm - Thursday","Mark each time slot with an X  from 7:30 am until 5:20 pm that you are not free to teach because of your course/seminar schedule. Please note that 90-minute classes block out two consecutive time slots. For example, if you are taking a Tuesday, Thursday 10:30-11:45 am class, then you should mark the four slots Tuesday 10:30-11:20, Tuesday 11:30-12:20, Thursday 10:30-11:20, and Thursday 11:30-12:20. Please do not mark time slots with an X if you are available to teach at that time. 
Remember: Unmarked time slots mean you are available to teach at that time. - 4:30pm-5:20pm - Friday"
,Cauchy,Alia,,,,,,,,,,,,,,,,,,,,,,,,,,,,,,,,,,,,,,,,,,,,,,,,,,
Yes,Binomial,Gabe,,,,,,,,,,,,,,,,X,,X,,X,X,X,X,X,X,X,X,X,X,X,X,,X,,X,X,,X,,X,,,,,,,,,,
No preference,Angleton,Kira,,,,,,,,,,,,,,,,,,,,,,,,,,,,,,X,,,,,X,,,,,,,,,,,,,,,
Yes,Binomial,Vera,,,,,,,,,,,,,,,,,,,,,,x,,x,,,x,,x,,,,,,,,,,,,,,,,,x,,x,,x
Yes,Cauchy,Emmy,,,,,,,,,,,,,,,,,,,,,,,,,,,,,,,,,,,,,,,,,,,,,,,,,,
No preference,Byte,Lena,,,,,,,,,,,,,,,,,,,,,,,,,,,,,,,,x,,x,,,x,,x,,,,,x,,,,,,
No preference,Angleton,Jax,,,,,,,X,,X,,,X,,X,,,X,,X,,,X,,X,,,,,,,,,,,,,,,,,,,,,,,X,,X,
No preference,Arcwell,Grace,,,,,,,,,,,,,,,,,,,,,,,X,,,,,X,,,,,X,,,,,X,,,,,X,,,,,X,,
Yes,Angleton,Oren,,,,,,,,X,,,,,X,,,,,X,,,,,,,,,,,,,,,,,,,,,,,,,,,,,,,,
No preference,Arcwell,Gaia,,X,,X,,,X,,X,,,X,,X,,,X,,X,,,X,,X,,,X,,X,,,X,,X,,,X,,X,,X,X,X,X,X,X,X,X,X,X
Yes,Cauchy,Cleo,x,x,x,x,x,,,,,,,,,,,,,,,,,,,,,,,,,,,,,,,,,,,,,,,,,,,,,
Yes,Angleton,Cleo,X,X,X,X,X,X,X,X,X,X,,,,,,,,,,,,X,,X,,,X,,X,,,,,,,,,,,,,,,,,,,,,
Yes,Binomial,Lex,,,,,,,,,,,,,,,,x,,x,,x,x,,x,,x,,,,,,,,x,,,,,,,,,x,,,,,,,,
Yes,Binomial,Gaia,,,,,,,,,,,,,,,,,X,,X,,X,X,X,X,X,,,,,,,,,,,,X,,X,,,X,,X,,X,,,,X
No preference,Binomial,Rio,,,,,,,X,,X,,,X,,X,,,,,,,,X,,X,,,X,,X,,,,,,,,,,,,,,,,,,,,,
Yes,Byte,Eden,,,,,,,,,,,,,,,,X,,X,,X,,,,,,X,,X,,X,,X,,X,,,X,,X,,,,,,,,,,,
Yes,Binomial,Lena,,,,,,,,,,,,,,,,,,,,,,,,,,,,,,,,,,,,,,,,,,,,,,,,,,
No preference,Binomial,Theo,,,,,,,,,,,,,,,,X,,X,,X,,,,,,,,,,,,,,,,,,,,,X,,X,,X,X,,X,,
Yes,Arcwell,Hal,,,,,,,,,,,,,,,,,,,,,x,,x,,x,,,,,,,x,,x,,,x,,x,,,x,,x,,,,,,
Yes,Arcwell,Addi,,,,,,,,,,,,,,,,,,,,,,X,,X,,,X,,X,,,,,,,,,,,,,,,,,X,,X,,X
Yes,Byte,Kira,,,,,,,,,,,,,,,,,,,,,,,,,,x,,x,,x,x,x,x,x,x,x,x,x,x,x,,,,,,,,,,
No,Angleton,Lex,,,,,,,,,,,,,,,,,,,,,,,,,,,,,,,X,,X,X,,,,,X,,,,,,,,,,,
Yes,Arcwell,Axel,X,X,X,X,X,X,X,X,X,X,X,X,X,X,X,X,X,X,X,X,X,X,X,X,X,X,X,X,X,X,X,X,X,X,X,,,,,,,,,,,,,,,
No preference,Arcwell,Glen,,,,,,X,,X,,X,,,,,,X,,X,,X,,,,,,,,,,,,,,,,,,,,,,X,,X,,,X,,X,
Yes,Binomial,Liam,,,,,,,,,,,,,,,,,,,,,,,,,,,,,,,,,,,,,,,,,,,,,,,,,,
Yes,Byte,Skye,,x,,x,,,x,,x,,,,,,,,,,,,,,,,,x,,x,,x,,,,,,x,,x,,x,,,,,,,,,,
,Byte,Axel,,,,,,,,,,,,,,,,,,,,,,,,,,,,,,,,,,,,,,,,,,,,,,,,,,
No preference,Arcwell,Iris,X,X,X,X,X,X,X,X,X,X,X,X,X,X,X,,,,,,,,,,,,,,,,,,,,,,,,,,,,,,,,,,,
Yes,Binomial,Bea,,,,,,,,,,,,,,,,,,,,,,,,,,x,,x,,x,,,,,x,,,,,x,x,,x,,x,,,,,
Yes,Byte,Zed,,,,,,,,,,,,,,,,,,,,,,,,,,,,,,,,X,,X,,,X,,X,,,,,,,,X,,X,
Yes,Angleton,Drew,,,,,,,X,,X,,,X,,X,,,,,,,,X,,X,X,,X,,X,,X,,X,,X,,,,,,,,,,,X,,,,
Yes,Byte,Kai,,,,,,,,,,,,,,,,,,,,,x,x,x,x,x,x,x,x,x,x,x,x,x,x,x,x,x,x,x,x,x,x,x,x,x,x,x,x,x,x
No preference,Binomial,Erin,,,,,,,,,,,,,,,,,,,,,x,,x,,x,x,,x,,x,,,,,,,,,,,,,,,,,,,,
Yes,Angleton,Skye,,,,,,,,,,,,,,,,,,,,,,x,,x,,x,x,x,x,x,,,,,,,,,,,,,,,,,,,,
No,Cauchy,Eden,,,,,,,,,,,,,,,,,,,,,,X,,X,,,X,,X,,,,,,,,,,,,,,,,,,,,,
No preference,Cauchy,Gabe,x,x,x,x,x,x,x,x,x,x,,,,,,,,,,,,,,,,,,,,,,,,,,,,,,,,,,,,,,,,
Yes,Angleton,Zed,x,x,x,x,x,x,x,x,x,x,,,,,,,,,,,,,,,,,,,,,,,,,,,,,,,,,,,,,,,,
Yes,Binomial,Ellis,,,,,,,X,,X,,,X,,X,,,,,,,,,,,,,X,,X,,,X,,X,,X,,X,,X,,,,,,,,,,
Yes,Byte,Erin,,,,,,,,,,,,,,,,x,,x,,x,x,x,x,x,,x,x,x,x,,,,,,,,,,,,,,,,,,,,,
No preference,Angleton,Delta,,,,,,,,,,,,,,,,,,,,,,X,,X,,X,X,X,X,X,,X,,X,,X,X,X,X,X,,,,,,,,,,
Yes,Byte,Pax,,,,,,,,,,,X,,X,,X,,,,,,X,,X,,X,,,,,,,,,,,,,,,,,,,,,,,,,
Yes,Byte,Quinn,,,,,,,,,,,,,,,,,,,,,,,,,,,,,,,,,,,,,,,,,,,,,,,,,,
Yes,Angleton,Rhea,,,,,,,,,,,x,,x,,x,,x,,x,,,x,,x,,,,,,,,,,,,,x,,x,,,x,,x,,,,,,
Yes,Byte,Gaia,,,,,,,,,,,,,,,,,X,,X,,,X,,X,,,X,,X,,,X,,X,,,X,,X,,,,,,,,X,,X,
Yes,Arcwell,Theo,,,,,,,,,,,,,,,,X,,X,,X,,,,,,,,,,,,,,,,X,,X,,X,X,,X,,X,,,,,
Yes,Binomial,Milo,,,,,,,X,,X,,,X,,X,,,,,,,,X,,X,,X,X,X,X,,X,,X,,,X,,X,,,,,,,,,,,,
Yes,Angleton,Ivy,,,,,,,,,,,,,,,,,,,,,,,,,,,,,,,X,,X,,X,,,,,,,,,,,,,,,
Yes,Binomial,Nyla,,,,,,,X,,X,,X,X,X,X,X,,,,,,,,,,,,,,,,,,,,,,,,,,,,,,,,,,,
No preference,Angleton,Vera,,,,,,,,,,,,,,,,,,,,,,,,,,,,,,,,,,,,,,,,,,,,,,,,,,
Yes,Arcwell,Drew,,,,,,,,,,,,,,,,,,,,,,X,,X,,X,X,X,X,X,,X,,X,,,X,,X,,,,,,,,,,,
Yes,Binomial,Cleo,,,,,,,,,,,,,,,,,,,,,X,,X,,X,,,,,,,,,,,,X,,X,,,X,,X,,,X,,X,
No preference,Arcwell,Tess,,,,,,,,,,,,,,,,,X,,X,,,X,,X,,,X,,,,,,,,,,,,,,,,,,,,X,,X,
Yes,Byte,Cosmo,,,,,,,,,,,,,,,,X,,X,,X,X,,X,,X,,,,,,,,X,,,,,,,,,X,,,,,,,,
Yes,Binomial,Fermi,,,,,,,x,,x,,,x,,x,,,,,,,,,,,,,,,,,,,,,,,x,,x,,,x,,x,,,x,,x,
Yes,Angleton,Theo,,,,,,,,,,,,,,,,,,,,,,X,,X,,,X,,X,,,X,,X,,X,X,X,X,X,,,,,,,,,,
Yes,Byte,Rune,,,,,,,,,,,,,,,,,,,,,,,,,,X,,X,,X,X,X,X,X,X,,X,,X,,,,,,,,,,,
No preference,Angleton,Rio,,,,,,,,,,,,,,,,x,,x,,x,x,,x,,x,x,,x,,x,,,x,,,,,x,,,,x,,x,,,,,,
Yes,Binomial,Bryn,,,,,,,,,,,,,,,,,,,,,,,,,,,,,,,,,,,,,,,,,,,X,,,,,,,
Yes,Binomial,Rhea,,,,,,,,,,,,,,,,,,,,,,X,,X,,X,X,X,X, X,,,,,,,,,,,,,,,,,,,,
Yes,Binomial,Nova,,,,,,,,,,,,,,,,,,,,,,X,,X,,X,X,X,X,X,,,,X,,X,,X,,,X,,X,,,,,,,
No preference,Byte,Lex,,,,,,,,,,,,,,,,,,,,,,,,,,,,,,,,X,,X,,,X,,X,,,,,X,,X,,X,,X
No preference,Angleton,Bayes,,,,,,,,,,,,,,,,,,,,,,X,,X,,,X,,X,,,X,,X,,,X,,X,,,,,,,,,,,
Yes,Binomial,Eden,,,,,,,,,,,,,,,,,,,,,,X,,X,,,X,,X,,,X,,X,,,X,,X,,,,,,,,,,,
Yes,Binomial,Reid,,,,,,,,,,,,,,,,,,,,,,X,,X,,,X,,X,,,X,,X,,,,,X,,,X,,,,,X,,X,
Yes,Byte,Juno,,,,,,,,,,,,,,,,,,,,,,,,,,,,,,,,,,,,,,,,,,,,,,,,,,
Yes,Arcwell,Bryn,,,,,,,x,,x,,x,x,x,x,x,,,,,,,,,,,,,,,,,,,,,,,,,,x,,,,,,,,,
No preference,Arcwell,Emmy,,,,,,,X,,X,,X,X,X,X,X,X,X,X,X,X,,X,,X,,,,,,,X,,X,,X,,,,,,,,,,,,,,,
No preference,Angleton,Iris,,,,,,,,,,,X,,X,,X,X,,X,,X,,,,,,,,,,,,,,,,,,,,,X,,X,,X,,X,,X,
Yes,Cauchy,Gaia,,,,,,,,,,,,,,,,,,,X,,,X,,X,,,X,,X,,,X,,X,,,X,,X,,X,,,,,X,,,,
,Binomial,Jax,,,,,,,,,,,,,,,,,,,,,,,,,,,,,,,,,,,,,,,,,,,,,,,,,,
No preference,Binomial,Fiona,,,,,,,,,,,,,,,,,,,,,,,X,,,,,X,,,,,X,,,,,,,,,,,,,,X,,X,
Yes,Binomial,Kai,,,,,,,,,,,,,,,,,,,,,,,,,,,,,,,,,,,,,,,,,,,,,,X,,,,
No preference,Binomial,Sol,,,,,,,,,,,,,,,,,,,,,,X,,X,,X,X,X,X,X,X,,X,,X,,,,,,,,,,,,,,,
No preference,Cauchy,Axel,,,,,,X,,X,,X,X,,X,,X,X,,X,,X,,,,,X,X,,X,,X,,,,,,X,,,,,,,,,,X,,,,
Yes,Angleton,Addi,,X,,,,,X,,,,,X,,,,,,,,,,,,,,,,,X,,,,,X,,,,,X,,,,,,,,X,,X,
No preference,Binomial,Aster,,,,,,,,,,,x,,x,,x,,,,,,,,,,,,,,,,,,,,,,x,,x,,,x,,x,,,,,,
Yes,Angleton,Lena,,,,,,,,,,,,,,,,,,,X,,,,,X,,X,,,X,,X,X,X,X,,,X,,X,,,,,,,X,,,,
Yes,Angleton,Aster,,,,,,,,,,,,,,,,,,,,,,X,,X,,X,X,X,X,X,,,,,,X,,X,,X,,,,,,,,,,
Yes,Angleton,Glen,,,,,,,,,,,,,,,,,,,,,,X,,X,,,X,,X,,,,,,,,,,,,,,,,,,,,,
Yes,Byte,Reid,,,,,,,,,,,,,,,,,,,,,,,,,,X,,X,,X,,,,,,X,,X,,X,,X,,,,X,,,,
No preference,Binomial,Mara,,,,,,,,,,,,,,,,,,,,,,,,,,,,,,,,,,,,,,,,,,,,,,,,,,
Yes,Byte,Grace,,,,,,,X,,X,,,X,,X,,,X,,X,,X,X,X,X,X,,X,,X,,,,,,,,,,,,,,,,,,,,,
Yes,Arcwell,Sol,,,,,,,,,,,,,,,,,,,,,,,,,,,,,,,,,,,,,,,,,,,,,,,,,,
No preference,Cauchy,Aster,,,,,,,,,,,,,,,,,,,,,,,,,,,,,,,,,,,,,,,,,,,,,,,,,,
Yes,Byte,Wren,,,,,,,,,,,,,,,,,x,,x,,,x,,x,,,x,,x,,,,,,,,,,,,,,,,,,,,,
Yes,Arcwell,Bayes,,,,,,,,,,,,,,,,,,,,,,,,,,,,,,,,,,,,,,,,,,,,,,,,,,
Yes,Arcwell,Cal,X,X,X,X,X,,,,,,,,,,,,,,,,,,,,,X,,X,,X,,,X,,,,,,,,,,,,,,,,,
No,Binomial,Skye,x,,x,,x,x,,x,,x,,,,,,,,,,,x,,x,,x,x,,x,,x,,,,,,,,,,,,,,,,,,,,
Yes,Arcwell,Kai,,,,,,X,,X,,X,,,,,,,,,,,X,X,X,X,X,,X,,X,,,,,,,,,,,,,,,,,,,,,
Yes,Arcwell,Rhea,,X,,X,,,X,,X,,,X,,x,,,X,,X,,,X,,X,,,X,,X,,,,,,,,,,,,,,,,,,,,,
Yes,Arcwell,Hera,,,,,,,X,,X,,,X,,X,,,,,,,X,X,X,X,X,,X,,X,,X,,X,,X,,,,,,,,,,,,,,,
Yes,Arcwell,Ari,,,,,,,,,,,,,,,,,,,,,,X,,X,,,X,,X,,,,,,,,X,,X,,,X,,X,,,,,,
No preference,Cauchy,Bea,,,,,,,x,,x,,,x,,x,,,,,,,,x,,x,,,x,,x,,x,,x,,x,,,,,,,,,,,,,,,
Yes,Arcwell,Euler,,,,,,,,,,,,,,,,,,,,,,,,,,x,,x,,x,x,,x,,x,x,,x,,x,,,,,,,,,,
Yes,Byte,Drew,,,,,,,,,,,,,,,,,,,,,X,,X,,X,,,,,,,,,,,,,,,,,,,,,,,,,
,Angleton,Bea,,,,,,,,,,,,,,,,,,,,,,,,,,,,,,,,,,,,,,,,,,,,,,,,,,
Yes,Angleton,Hal,,,,,,,x,,x,,,x,,x,,,,,,,,,,,,,,,,,,,,,,,x,,x,,,x,,x,,,,,,
No preference,Byte,Sage,,,,,,,X,,X,,,X,,X,,,,,,,,,,,,,,,,,,,,,,,,,,,,,,,,,X,,X,
Yes,Binomial,Oren,,,,,,,,,,,,,,,,,,,,,,,,,,,,,,,,,,,,,,,,,,,,,,,,,,
Yes,Binomial,Cal,,,,,,,X,,X,,,X,,X,,,,,,,,,,,,,,,,,X,,,,,,,,,,,,,X,,,X,,X,
Yes,Angleton,Juno,,,,,,,,,,,,,,,,,,,,,,,,,,,,,,,X,,X,,,,,,,,,,,,,,X,,X,
Yes,Cauchy,Fermi,,,,,,,,,,,,,,,,,,,,,,,,,,x,,x,,x,x,,x,,x,,,,,,,,,,,,,,,
Yes,Angleton,Sage,,,,,,,,,,,,,,,,X,,X,X,X,X,,X,X,X,,,,,,,,X,,,,,,,,,,,,,,,,,
Yes,Binomial,Rune,x,x,x,x,x,x,x,x,x,x,x,x,x,x,x,,,,,,,,,,,x,,x,,x,,,,,,,,,,,,,,,,,,,,
Yes,Arcwell,Lena,,,,,,,X,,X,,X,X,X,X,X,,,,,,X,,X,,X,,,,,X,,,,,,,,,,,,,,,,,,,,
No preference,Byte,Fermi,,,,,,,,,,,,,,,,,,,,,,X,,X,,,X,,X,,,X,,X,,,X,,X,,,X,,,,X,,,,
Yes,Arcwell,Bea,,,,,,,,,,,,,,,,,,,,,,X,,X,,X,X,,X,,X,X,,X,,,X,,X,,,,,,,,,,,
No preference,Cauchy,Ellis,,,,,,,,,,,,,,,,,,,,,,x,,x,,,x,,x,,,x,,x,,,,,,,,,,,,,,,,
Yes,Arcwell,Luna,,,,,,,,,,,,,,,,,,,,,x,x,,x,,,x,,x,,,x,,x,,,,,,,,,,,,,,,,
Yes,Arcwell,Ellis,,,,,,,,,,,,,,,,,,,,,,,,,,,,,,,,,,,,,,,,X,,,,,x,,,,,X
,Binomial,Gray,,,,,,,,,,,,,,,,,,,,,,,,,,,,,,,,,,,,,,,,,,,,,,,,,,
No preference,Binomial,Hal,,,,,,,,,,,,,,,,,,,,,,,,,,,,,,,,,,,,,,,,,,,,,,,,,,
Yes,Arcwell,Aster,,,,,,,,,,,,,,,,,,,,,,,,,,,,,,,,,,,,,,,,,,,,,,,,,,
,Byte,Nova,,,,,,,,,,,,,,,,,,,,,,,,,,,,,,,,,,,,,,,,,,,,,,,,,,
Yes,Binomial,Pax,,,,,,,,,,,,,,,,,,,,,,,,,,,,,,,,,,,,X,,X,,X,,,,,,,X,,X,
Yes,Arcwell,Alia,,,,,,,,,,,,,,,,,,,,,,X,X,X,,,X,X,X,,,,X,,,,,X,,,,,X,,,,,X,,
,Binomial,Drew,,,,,,,,,,,,,,,,,,,,,,,,,,,,,,,,,,,,,,,,,,,,,,,,,,
Yes,Binomial,Glen,,,,,,,,,,,,,,,,,,,,,X,,X,,X,X,,X,,X,,X,,X,,,X,,X,,,,,,,,,,,
Yes,Binomial,Juno,,,,,,,,,,,,,,,,,,,,,,X,X,X,,,,,,,,,,,,,,,,,,,,,,,,,,
No preference,Arcwell,Fermi,,,,,,,,,,,,,,,,,,,,,x,x,x,x,x,,x,,x,,,,,,,,x,,x,,,x,,x,,,,,,
Yes,Angleton,Nyla,,,,,,,,,,,,,,,,,,,,,,X,,X,,,X,,X,,,X,X,X,,,X,,X,,,,,,,,,,,
No preference,Cauchy,Drew,,,,,,,,,,,,,,,,,,,,,,,,,,,,,,,X,X,X,X,X,,X,,X,,,,,,,,,,,
Yes,Byte,Fiona,,,,,,,,,,,,,,,,,,,,,,x,,x,,x,x,x,x,x,,x,,x,,,x,,x,,,,,,,,,,,
Yes,Arcwell,Jax,,,,,,,,,,,,,,,,,X,,X,,,X,,X,,,,X,,,,,X,,,,,X,,,,,,,,,,X,,
Yes,Angleton,Quinn,,,,,,,,,,,,,,,,X,,X,,X,,,,,,,,,,,,X,,X,,X,X,X,X,X,,,,,,,,,,
Yes,Angleton,Luna,,,,,,,,,,,,,,,,,,,,,,,,,,,,,,,,,,,,,,,,,,,,,,,,,,
,Angleton,Bryn,,,,,,,,,,,,,,,,,,,,,,,,,,,,,,,,,,,,,,,,,,,,,,,,,,
Yes,Byte,Rhea,x,x,x,x,x,x,x,x,x,x,,,,,,,,,,,,,,,,,,,,,,,,,,,,,,,,,,,,,,,,
No preference,Byte,Sol,,,,,,,,,,,,,,,,,,,,,,,,,,,,,,,,,,,,,,,,,,,,,,,,,,
No preference,Cauchy,Euler,,,,,,,X,,X,,,X,,X,,,,,,,,X,,X,,,X,,X,,,,,,,,,,,,,,,,,X,X,,X,
Yes,Binomial,Alia,,,,,,,,,,,,,,,,,,,,,,X,,X,,X,X,X,X,X,,X,,X,,,X,,X,,,,,,,,,,,
Yes,Angleton,Grace,,,,,,,X,,X,,,X,,X,,,,,,,,X,,X,,,X,,X,,,,,,,,,,,,,,,,,,,,,
No preference,Angleton,Gabe,,,,,,,,,,,X,X,X,X,X,X,X,X,X,X,X,X,X,X,X,X,X,X,X,X,,X,,X,,X,,X,,X,X,,X,,X,X,,X,,X
No preference,Byte,Nyla,,,,,,,x,,x,,,x,,x,,,,,,,,,,,,,,,,,,,,,,,,,,,,,,,,,,,,
Yes,Byte,Mara,,,,,,,,,,,,,,,,,,,,,,,,,,,,,,,,,,,,,,,,,,,,,,,,,,
No preference,Angleton,Emmy,,,,,,,,,,,X,,X,,X,,,,,,,X,,X,,,X,,X,,,,,,,,,,,,,,,,,,X,,X,
Yes,Arcwell,Skye,,,,,,,,,,,,,,,,X,,X,,X,,X,,X,,X,X,X,X,X,,,,,,X,,X,,X,,,,,,,,,,
Yes,Arcwell,Zed,,,,,,,,,,,,,,,,,,,,,,,,,,,,,,,,,,,,,,,,,,,,,,,,,,
No preference,Arcwell,Gabe,,,,,,,,,,,,,,,,,,,,,,x,,x,,,x,,x,,x,,x,x,x,,,x,,,,x,x,x,,x,,,x,
No,Binomial,Quinn,x,x,x,x,x,x,x,x,x,x,x,x,x,x,x,x,x,x,x,x,x,x,x,x,x,x,x,x,x,x,,,,,,,,,,,,,,,,,,,,
No preference,Binomial,Ari,,,,,,,,,,,,,,,,X,,X,,X,,X,,X,,,X,,X,,,X,,X,,,X,,X,,,,,,,,,,,
No preference,Angleton,Euler,,,,,,,,,,,,,,,,,,,x,,,,,x,,,,,,,,,,,,,,,,,,,,,,,,,,
Yes,Cauchy,Erin,,,,,,,x,,x,,,x,,x,,,x,,x,,,x,,x,,,x,,x,,,,,,,,,,,,,,,,,,,,,
Yes,Byte,Ivy,,,,,,,,,,,,,,,,,,,,,x,x,,x,,x,x,x,x,x,x,,x,,x,x,x,x,x,x,,x,,x,,,x,,x,
Yes,Angleton,Mara,,,,,,,,,,,,,,,,,,,,,,,,,,,,,,,,,,,,,,,,,,,,X,,,X,,X,
Yes,Angleton,Liam,,,,,,,X,,X,,,X,,X,,,,,,,X,X,,X,,,X,,X,,X,,X,,X,X,X,X,X,X,,X,X,X,,,X,,X,
Yes,Binomial,Euler,,,,,,,,,,,,,,,,,,,,,,,,,,,,,,,,,X,,,,,X,,,,,,,,,,,,
Yes,Cauchy,Bayes,,,,,,,,,,,,,,,,,x,,x,,,x,,x,,,,,,,,,,,,,,,,,,,,,,,x,,x,
Yes,Byte,Milo,,,,,,,,,,,,,,,,,,,,,,X,,X,,,X,X,X,,,X,X,X,,,,X,,,,X,,X,,,X,,X,
,Arcwell,Nash,,,,,,,,,,,,,,,,,,,,,,,,,,,,,,,,,,,,,,,,,,,,,,,,,,
No preference,Cauchy,Addi,,,,,,,,,,,,,,,,,,,,,,,,,,,,,,,,,,,,,,,,,,,,,,,,,,
,Byte,Liam,,,,,,,,,,,,,,,,,,,,,,,,,,,,,,,,,,,,,,,,,,,,,,,,,,
Yes,Arcwell,Vera,,,,,,,,,,,,,,,,,,,,,,x,,x,,,x,,x,,,,,,,,,,,,,,,,,,,,,
Yes,Byte,Glen,,,,,,,,,,,,,,,,,,,,,,X,,X,,X,X,X,X,X,,,X,,,,,,,,,X,,,,,,,,
Yes,Cauchy,Hal,,,,,,,X,,X,,,X,,X,,,,,,,,,,,,,,,,,,,X,,,,,,,,,,,,,,X,,X,
Yes,Byte,Ari,,,,,,,,,,,,,,,,,,,,,,,,,,X,X,,,,X,X,,,,X,X,,,,,,,,,,,,,
Yes,Angleton,Nova,,,,,,,,,,,,,,,,,,,,,,,,,,,,,,X,,X,,X,,,X,,X,,,,,,,,X,,X,
Yes,Binomial,Mira,,,,,,,,,,,,,,,,,,,,,,,,,,,,,,,,,,,,,,,,,,,,,,,,,,
Yes,Byte,Euler,,,,,,,,,,,,,,,,,,,,,,,,,,,,,,,,,,,,,,,,,,,,,,,,,,
Yes,Byte,Jax,,,,,,,,,,,,,,,,,,,,,,X,,X,,,X,,X,,,,,,,X,X,X,X,X,,X,,X,,,,,,
No preference,Byte,Ellis,,X,X,X,,,,,,,,,,,,,,,,,,,,,,,,,,,,,,,,,,,,,,,,,,,,,,
Yes,Arcwell,Oren,,,,,,,,,,,,,,,,,X,,X,,,X,,X,,,X,,X,,,X,,X,,,X,,X,,,X,,X,,,X,,X,
Yes,Arcwell,Delta,,,,,,,X,,X,,,X,,X,,,X,,X,,,X,,X,,X,,X,,X,X,,X,,X,X,,X,,X,,,,,,,,,,
No preference,Angleton,Kai,,,,,,,,,,,,,,,,,x,,x,,,x,,x,,,,,,,,,,,,x,,x,,x,,,,,,,,,,x
Yes,Binomial,Nash,,,,,,,x,,x,,x,x,x,x,x,,,,,x,,,,,,,,,,,x,x,x,x,x,,x,x,x,,,,,,,x,x,x,x,x
Yes,Byte,Hal,,,,,,,X,,X,,X,X,X,X,X,,,,,,,,,,,,,,,,,,,,,,,,,,,,,,,,,,,
Yes,Byte,Bea,,,,,,,,,,,,,,,,,X,,X,,,X,,X,,X,,X,,X,X,,,,,,,,,,,,,X,,,,,,
Yes,Byte,Hera,,,,,,,,,,,,,,,,,,,,,,,,,,,,,,,X,X,X,X,X,,X,,X,,,,,,,X,,,,X
,Angleton,Tess,,,,,,,,,,,,,,,,,,,,,,,,,,,,,,,,,,,,,,,,,,,,,,,,,,
Yes,Cauchy,Grace,,,,,,,,,,,,,,,,,,,,,,,,,,,,,,,,,,,,,,,,,,,,,,,,,,
Yes,Arcwell,Eden,X,X,X,X,X,, ,,,,,,,,,,,,,,,,,,,,,,,,,,,,,,,,,,,,,,,,,X,,
Yes,Byte,Nash,,,,,,,,,,,,,,,,,,,,,x,,x,,x,x,,x,,x,x,,x,,x,,,,,,,,,,,,,,,
Yes,Binomial,Ivy,,,,,,,,,,,,,,,,,,,,,X,X,X,X,X,X,X,X,X,X,,,X,,,,X,X,X,,,,X,,,,,,,
Yes,Byte,Emmy,,,,,,,,,,,,,,,,,,,,,,,,,,,,,,,,,,,,,,,,,,,,,,,,,,
Yes,Binomial,Hera,,,,,,,,,,,,,,,,,,,,,,,,,,,,,,,,,,,,,,,,,,,,,,,,,,
Yes,Angleton,Ari,,,,,,,,,,,,,,,,,,,,,,,,,,,,,,,,X,,X,,,X,,,,,,,,,,,,,
No preference,Byte,Aster,,,,,,,x,,x,,,x,,x,,,,,,,,,,,,,,,,,,,,,,,,,,,,,,,,,x,,x,
No preference,Binomial,Grace,,,,,,,,,,,,,,,,,,,,,,X,,X,,X,X,X,X,X,X,,X,,X,,,,,,,X,,,,X,,,,
No preference,Byte,Cal,,,,,,,X,,X,,,X,,X,,,,,,,,,,,,,,,,,,,,,,,,,,,,,,,,,X,,X,
No preference,Angleton,Erin,,,,,,,,,,,,,,,,,,,,,,X,,X,,,X,,X,,,,,,,,,,,,,,,,,,,,,
No preference,Angleton,Axel,X,X,X,X,X,X,X,X,X,X,,,,,,,,,,,,,,,,,,,,,,,,,,,,,,,,,,,,,,,,
No preference,Arcwell,Fiona,,,,,,,,,,,,,,,,,,,,,,,,,X,,,,,,,,,,,,,,,,,,,,X,,,,,X
Yes,Arcwell,Nyla,,,,,,,,,,,,,,,,,,,,,,X,,X,,,X,X,X,,X,,X,,X,,,,,,,,,,,,,,,
Yes,Binomial,Luna,x,x,x,x,x,x,x,x,x,x,x,x,x,x,x,x,x,x,x,x,x,x,x,x,x,,,,,,,,,,,,,,,,,,,,,,,,,
,Binomial,Iris,,,,,,,,,,,,,,,,,,,,,,,,,,,,,,,,,,,,,,,,,,,,,,,,,,
Yes,Arcwell,Lex,x,x,x,x,x,x,x,x,x,x,,,,,,,,,,,,,,,,,,x,,,,,x,,,,,,,,,,,,,,,,,
,Arcwell,Reid,,,,,,,,,,,,,,,,,,,,,,,,,,,,,,,,,,,,,,,,,,,,,,,,,,
Yes,Arcwell,Rune,X,X,X,X,X,,X,,X,,X,X,X,X,X,,,,,,,,,,,,,,,,X,X,,X,,,X,,,,,,,,,X,X,,X,
,Byte,Gray,,,,,,,,,,,,,,,,,,,,,,,,,,,,,,,,,,,,,,,,,,,,,,,,,,
No preference,Arcwell,Mara,,,,,,,,,,,,X,,X,,,,,,,,,,,,,,,,,,,,,,,X,,X,,,X,,X,,,X,,X,
No preference,Cauchy,Gray,,,,,,,x,,x,,,x,,x,,,,,,,,x,,x,,x,x,x,x,x,,,,,,x,,x,,x,,,,,,,,,,
No preference,Arcwell,Gray,,,,,,,,,,,,,,,,,,,,,,X,,X,,,X,,X,,,,,,,X,,X,,X,,,,,,,,,,
No preference,Angleton,Reid,,,,,,,,,,,,,,,,,,,,,,X,,X,,,X,,X,,,,,,,,,,,,,,,,,,,,,
Yes,Binomial,Emmy,,,,,,,,,,,,,,,,,,,,,,,,,,,,,,,,,,,,,,,,,,,,,,,,,,
Yes,Binomial,Axel,,,,,,,,,,,,,,,,,,,,,,,,,,x,x,x,x,x,,x,,x,,,x,,x,,,,,,,,,,,
No,Byte,Vera,,,,,,,X,,X,,X,X,X,X,X,,,,,,X,,X,,X,,,,,,,,,,,,,,,,,,,X,,X,,,,
Yes,Arcwell,Cleo,,,,,,,,,,,,,,,,,,,,,,,,,,,,,,,,X,,X,,,X,X,X,,,,,,,,,,,
Yes,Arcwell,Erin,,,,,,,,,,,,,,,,,,,,,,,,,,x,,x,,x,x,,x,,x,,,,,,,x,,,,x,,,,
Yes,Byte,Gabe,,,,,,,,,,,,,,,,X,,X,,X,X,,X,,X,,,,,,,,,,,,,,,,X,X,X,X,X,X,X,X,X,X
No preference,Binomial,Sage,,,,,,,,,,,x,,x,,x,x,,x,,x,,,,,,,,,,,,,,,,x,,x,,x,,,,,,x,,,,x
No preference,Byte,Iris,,,,,,,,,,,,,,,,X,,X,,X,X,,X,,X,,,,,,,X,,X,,,X,,X,,,X,,X,,X,X,,X,
Yes,Arcwell,Pax,,,,,,,,,,,,,,,,,,,,,,,,,,,,,,,x,,x,,x,x,,x,,x,x,,x,,x,,,,,
Yes,Byte,Tess,,,,,,,,,,,,,,,,,,,,,,X,,,,,,,,,,,,,,,,,,,,,,,,,,,,
Yes,Byte,Luna,,,,,,,,,,,,,,,,X,,X,,X,X,,X,,X,,,,,,X,,X,,X,X,,X,,X,,,,,,,,,,
Yes,Angleton,Sol,,,,,,,,,,,,X,X,X,X,,X,X,X,X,X,X,,,,,X,,,,X,,,,,X,,,,,X,X,,X,,,X,,X,
No,Angleton,Cosmo,,,,,,,,,,,,,,,,,,,,,X,X,X,X,X,,X,,X,,,,X,,,,,,,,,,,,,X,,,,
Yes,Angleton,Alia,,,,,,,,,,,,,,,,,,,,,,X,,,,,,,,,,,,,,X,,,,,,,,,,,X,,X,
No preference,Byte,Bayes,,,,,,,X,,X,,,X,,X,,,,,,,,X,,X,,,X,,X,,,,X,,,,,,,,,,,,,X,,,,
Yes,Arcwell,Mira,,,,,,,,,,,,,,,,,,,,,,,,,,X,,X,,X,,,,,,X,,X,,X,,,,,,,X,,X,
Yes,Arcwell,Quinn,,,,,,,,,,,,,,,,,,,,,,,,,,X,,X,,X,,,,,,X,,X,,X,,,,,,,X,,X,
No preference,Angleton,Gaia,,,,,,,,,,,,,,,,,,,,,,,,,,,,,,,,,,,,,,,,,,,,,,,,,,
Yes,Arcwell,Nova,,,,,,,,,,,,,,,,,,,,,,,,,X,,,,,,,,,,,,X,,X,,,X,,X,,,X,,X,
Yes,Byte,Theo,,,,,,,,,,,,,,,,x,,x,,x,,x,,x,,x,x,x,x,x,,x,x,x,,,x,,x,,,,,,,x,,,,
Yes,Byte,Cleo,,,,,,,,,,,,,,,,X,,,,,,X,,X,,X,X,X,X,X,,,X,,,,,,,,,,,,,,,,,
Yes,Arcwell,Ivy,,,,,,,,,,,X,,X,,X,,,,,,,X,,X,,,X,,X,,,,,,,,,,,,,,,,,,X,,X,
Yes,Arcwell,Rio,,,,,,,X,,X,,,X,,X,,,,,,,,X,,X,,X,X,X,X,X,X,,X,,X,,,,,,,,,,,,,,,
Yes,Arcwell,Wren,,,,,,,,,,,,,,,,,,,,,,x,,,,,,,,,x,,x,,x,x,,,,,,,,,,,x,,x,
Yes,Angleton,Nash,,,,,,X,,X,,X,X,,X,,X,X,,X,,X,X,,X,,X,X,X,X,X,X,X,,X,,X,X,,X,,X,X,,X,,X,X,,X,,X
No,Arcwell,Sage,X,X,X,X,X,,,,,,,,,,,,,,,,,X,,X,,,X,,X,,X,X,X,X,X,X,X,X,X,X,X,,X,,X,,,,,
Yes,Cauchy,Bryn,,,,,,,,,,,,,,,,,,,,,,X,,X,,,X,,X,,,X,X,X,,,X,X,X,,,,X,,,,,,,
Yes,Binomial,Cosmo,,,,,,,,,,,,,,,,x,,x,,x,x,,x,,x,,,x,,,,,x,,,,,,,,,,,,,x,,,,
Yes,Angleton,Fiona,,,,,,,,,,,,,,,,,,,,,,,,,,,,,,,,X,,X,,X,X,X,X,X,,X,,X,,,X,,X,
Yes,Cauchy,Cal,,,,,,,,,,,,,,,,,,,,,,X,,X,,X,X,X,X,X,,,,,,,,,,,,,,,,,,,,
Yes,Cauchy,Fiona,,,,,,,,,,,,,,,,,,X,,,,X,,X,,,X,,X,,,,X,,X,,,,,X,,,,,,,,,,
No preference,Binomial,Delta,,,,,,,,,,,,,,,,,,,,,,,,,,X,,X,,X,,X,,X,,,X,,X,,X,,,,X,X,,,,X
No preference,Angleton,Ellis,X,X,X,X,X,X,X,X,X,X,X,X,X,X,X,,,,,,,X,,X,,X,X,X,X,X,X,,X,,X,X,,,,X,X,,,,X,,,,,
Yes,Byte,Addi,X,,X,,X,X,,X,,X,X,,X,,X,,X,,,,,X,,X,,,X,,X,,X,,X,,X,,,,X,,,,,,,,,,,
Yes,Binomial,Kira,,,,,,,,,,,,,,,,,,,,,X,X,X,X,X,,X,,X,,X,,,,,,,,,,,,,,,X,,,,
